Mattie,Poquette,35,Century Communications,73 State Road 434 E,Phoenix,Maricopa,AZ,85013,602-277-4385,mattie@aol.com,http://www.centurycommunications.com
Arminda,Parvis,22,Newtec Inc,1 Huntwood Ave,Phoenix,Maricopa,AZ,85017,602-906-9419,arminda@parvis.com,http://www.newtecinc.com
Herminia,Nicolozakes,59,Sea Island Div Of Fstr Ind Inc,4 58th St #3519,Scottsdale,Maricopa,AZ,85254,602-954-5141,herminia@nicolozakes.org,http://www.seaislanddivoffstrindinc.com
Christiane,Eschberger,71,Casco Services Inc,96541 W Central Blvd,Phoenix,Maricopa,AZ,85034,602-390-4944,christiane.eschberger@yahoo.com,http://www.cascoservicesinc.com
Helene,Rodenberger,30,Bailey Transportation Prod Inc,347 Chestnut St,Peoria,Maricopa,AZ,85381,623-461-8551,helene@aol.com,http://www.baileytransportationprodinc.com
Regenia,Kannady,,Ken Jeter Store Equipment Inc,10759 Main St,Scottsdale,Maricopa,AZ,85260,480-726-1280,regenia.kannady@cox.net,http://www.kenjeterstoreequipmentinc.com
Keneth,Borgman,30,Centerline Engineering,86350 Roszel Rd,Phoenix,Maricopa,AZ,85012,602-919-4211,keneth@yahoo.com,http://www.centerlineengineering.com
Elke,Sengbusch,36,Riley Riper Hollin & Colagreco,9 W Central Ave,Phoenix,Maricopa,AZ,85013,602-896-2993,elke_sengbusch@yahoo.com,http://www.rileyriperhollincolagreco.com
Iluminada,Ohms,39,Nazette Marner Good Wendt,72 Southern Blvd,Mesa,Maricopa,AZ,85204,480-293-2882,iluminada.ohms@yahoo.com,http://www.nazettemarnergoodwendt.com
Leota,Dilliard,70,Commercial Press,7 W Jackson Blvd,San Jose,Santa Clara,CA,95111,408-752-3500,leota@hotmail.com,http://www.commercialpress.com
Kiley,Caldarera,61,Feiner Bros,25 E 75th St #69,Los Angeles,Los Angeles,CA,90034,310-498-5651,kiley.caldarera@aol.com,http://www.feinerbros.com
Veronika,Inouye,79,C 4 Network Inc,6 Greenleaf Ave,San Jose,Santa Clara,CA,95111,408-540-1785,vinouye@aol.com,http://www.cnetworkinc.com
Rozella,Ostrosky,65,Parkway Company,17 Morena Blvd,Camarillo,Ventura,CA,93012,805-832-6163,rozella.ostrosky@ostrosky.com,http://www.parkwaycompany.com
Kanisha,Waycott,54,"Schroer, Gene E Esq",5 Tomahawk Dr,Los Angeles,Los Angeles,CA,90006,323-453-2780,kanisha_waycott@yahoo.com,http://www.schroergeneeesq.com
Shenika,Seewald,26,East Coast Marketing,4 Otis St,Van Nuys,Los Angeles,CA,91405,818-423-4007,shenika@gmail.com,http://www.eastcoastmarketing.com
Kallie,Blackwood,63,Rowley Schlimgen Inc,701 S Harrison Rd,San Francisco,San Francisco,CA,94104,415-315-2761,,http://www.rowleyschlimgeninc.com
Bobbye,Rhym,43,"Smits, Patricia Garity",30 W 80th St #1995,San Carlos,San Mateo,CA,94070,650-528-5783,brhym@rhym.com,http://www.smitspatriciagarity.com
Micaela,Rhymes,75,H Lee Leonard Attorney At Law,20932 Hedley St,Concord,Contra Costa,CA,94520,925-647-3298,micaela_rhymes@gmail.com,http://www.hleeleonardattorneyatlaw.com
Dominque,Dickerson,,E A I Electronic Assocs Inc,69 Marquette Ave,Hayward,Alameda,CA,94545,510-993-3758,dominque.dickerson@dickerson.org,http://www.eaielectronicassocsinc.com
Stephaine,Barfield,64,Beutelschies & Company,47154 Whipple Ave Nw,Gardena,Los Angeles,CA,90247,310-774-7643,stephaine@barfield.com,http://www.beutelschiescompany.com
Tammara,Wardrip,45,Jewel My Shop Inc,4800 Black Horse Pike,Burlingame,San Mateo,CA,94010,650-803-1936,twardrip@cox.net,http://www.jewelmyshopinc.com
Cory,Gibes,54,Chinese Translation Resources,83649 W Belmont Ave,San Gabriel,Los Angeles,CA,91776,626-572-1096,cory.gibes@gmail.com,http://www.chinesetranslationresources.com
Elvera,Benimadho,20,Tree Musketeers,99385 Charity St #840,San Jose,Santa Clara,CA,95110,408-703-8505,elvera.benimadho@cox.net,http://www.treemusketeers.com
Carma,Vanheusen,20,Springfield Div Oh Edison Co,68556 Central Hwy,San Leandro,Alameda,CA,94577,510-503-7169,carma@cox.net,http://www.springfielddivohedisonco.com
Louisa,Cronauer,38,Pacific Grove Museum Ntrl Hist,524 Louisiana Ave Nw,San Leandro,Alameda,CA,94577,510-828-7047,louisa@cronauer.com,http://www.pacificgrovemuseumntrlhist.com
Shawna,Palaspas,66,"Windsor, James L Esq",5 N Cleveland Massillon Rd,Thousand Oaks,Ventura,CA,91362,805-275-3566,shawna_palaspas@palaspas.org,http://www.windsorjameslesq.com
Xuan,Rochin,42,"Carol, Drake Sparks Esq",2 Monroe St,San Mateo,San Mateo,CA,94403,650-933-5072,xuan@gmail.com,http://www.caroldrakesparksesq.com
Lindsey,Dilello,71,Biltmore Investors Bank,52777 Leaders Heights Rd,Ontario,San Bernardino,CA,91761,909-639-9887,lindsey.dilello@hotmail.com,http://www.biltmoreinvestorsbank.com
Devora,Perez,60,Desco Equipment Corp,72868 Blackington Ave,Oakland,Alameda,CA,94606,510-955-3016,devora_perez@perez.org,http://www.descoequipmentcorp.com
Sheridan,Zane,21,Kentucky Tennessee Clay Co,2409 Alabama Rd,Riverside,Riverside,CA,92501,951-645-3605,sheridan.zane@zane.com,http://www.kentuckytennesseeclayco.com
Chau,Kitzman,49,"Benoff, Edward Esq",429 Tiger Ln,Beverly Hills,Los Angeles,CA,90212,310-560-8022,chau@gmail.com,http://www.benoffedwardesq.com
Kerry,Theodorov,69,Capitol Reporters,6916 W Main St,Sacramento,Sacramento,CA,95827,916-591-3277,kerry.theodorov@gmail.com,http://www.capitolreporters.com
Joesph,Degonia,44,A R Packaging,2887 Knowlton St #5435,Berkeley,Alameda,CA,94710,510-677-9785,joesph_degonia@degonia.org,http://www.arpackaging.com
Stephaine,Vinning,80,Birite Foodservice Distr,3717 Hamann Industrial Pky,San Francisco,San Francisco,CA,94104,415-767-6596,stephaine@cox.net,http://www.biritefoodservicedistr.com
Marguerita,Hiatt,,"Haber, George D Md",82 N Highway 67,Oakley,Contra Costa,CA,94561,925-634-7158,marguerita.hiatt@gmail.com,http://www.habergeorgedmd.com
Benton,Skursky,21,Nercon Engineering & Mfg Inc,47939 Porter Ave,Gardena,Los Angeles,CA,90248,310-579-2907,benton.skursky@aol.com,http://www.nerconengineeringmfginc.com
Merilyn,Bayless,52,20 20 Printing Inc,195 13n N,Santa Clara,Santa Clara,CA,95054,408-758-5015,merilyn_bayless@cox.net,http://www.printinginc.com
,,,,98 University Dr,San Ramon,,,,925-615-5185,gmontezuma@cox.net,http://www.paynebladeswellbornpa.com
Melodie,Knipp,80,Fleetwood Building Block Inc,326 E Main St #6496,Thousand Oaks,Ventura,CA,91362,805-690-1682,mknipp@gmail.com,http://www.fleetwoodbuildingblockinc.com
Norah,Waymire,28,"Carmichael, Jeffery L Esq",6 Middlegate Rd #106,San Francisco,San Francisco,CA,94107,415-306-7897,norah.waymire@gmail.com,http://www.carmichaeljefferylesq.com
Aliza,Baltimore,57,"Andrews, J Robert Esq",1128 Delaware St,San Jose,Santa Clara,CA,95132,408-504-3552,aliza@aol.com,http://www.andrewsjrobertesq.com
Mozell,Pelkowski,56,Winship & Byrne,577 Parade St,South San Francisco,San Mateo,CA,94080,650-947-1215,mpelkowski@pelkowski.org,http://www.winshipbyrne.com
Viola,Bitsuie,43,Burton & Davis,70 Mechanic St,Northridge,Los Angeles,CA,91325,818-864-4875,viola@gmail.com,http://www.burtondavis.com
Rima,Bevelacqua,77,Mcauley Mfg Co,2972 Lafayette Ave,Gardena,Los Angeles,CA,90248,310-858-5079,rima@cox.net,http://www.mcauleymfgco.com
Glendora,Sarbacher,52,Defur Voran Hanley Radcliff,2140 Diamond Blvd,Rohnert Park,Sonoma,CA,94928,707-653-8214,gsarbacher@gmail.com,http://www.defurvoranhanleyradcliff.com
Cristy,Lother,29,Kleensteel,3989 Portage Tr,Escondido,San Diego,CA,92025,760-971-4322,cristy@lother.com,http://www.kleensteel.com
Tiera,Frankel,51,Roland Ashcroft,87 Sierra Rd,El Monte,Los Angeles,CA,91731,626-636-4117,tfrankel@aol.com,http://www.rolandashcroft.com
Lashon,Vizarro,38,Sentry Signs,433 Westminster Blvd #590,Roseville,Placer,CA,95661,916-741-7884,lashon@aol.com,http://www.sentrysigns.com
Peggie,Sturiale,23,Henry County Middle School,9 N 14th St,El Cajon,San Diego,CA,92020,619-608-1763,peggie@cox.net,http://www.henrycountymiddleschool.com
Alyce,Arias,76,Fairbanks Scales,3196 S Rider Trl,Stockton,San Joaquin,CA,95207,209-317-1801,alyce@arias.org,http://www.fairbanksscales.com
Charlene,Hamilton,75,Oshins & Gibbons,985 E 6th Ave,Santa Rosa,Sonoma,CA,95407,707-300-1771,charlene.hamilton@hotmail.com,http://www.oshinsgibbons.com
Stevie,Westerbeck,71,"Wise, Dennis W Md",26659 N 13th St,Costa Mesa,Orange,CA,92626,949-867-4077,stevie.westerbeck@yahoo.com,http://www.wisedenniswmd.com
Joseph,Cryer,69,Ames Stationers,60 Fillmore Ave,Huntington Beach,Orange,CA,92647,714-584-2237,joseph_cryer@cox.net,http://www.amesstationers.com
Filiberto,Tawil,31,"Flash, Elena Salerno Esq",3882 W Congress St #799,Los Angeles,Los Angeles,CA,90016,323-765-2528,ftawil@hotmail.com,http://www.flashelenasalernoesq.com
Raul,Upthegrove,32,"Neeley, Gregory W Esq",4 E Colonial Dr,La Mesa,San Diego,CA,91942,619-509-5282,rupthegrove@yahoo.com,http://www.neeleygregorywesq.com
Olive,Matuszak,39,Colony Paints Sales Ofc & Plnt,13252 Lighthouse Ave,Cathedral City,Riverside,CA,92234,760-938-6069,olive@aol.com,http://www.colonypaintssalesofcplnt.com
Justine,Ferrario,56,Newhart Foods Inc,48 Stratford Ave,Pomona,Los Angeles,CA,91768,909-993-3242,jferrario@hotmail.com,http://www.newhartfoodsinc.com
Tarra,Nachor,31,Circuit Solution Inc,39 Moccasin Dr,San Francisco,San Francisco,CA,94104,415-411-1775,tarra.nachor@cox.net,http://www.circuitsolutioninc.com
Louvenia,Beech,56,John Ortiz Nts Therapy Center,598 43rd St,Beverly Hills,Los Angeles,CA,90210,310-820-2117,louvenia.beech@beech.com,http://www.johnortizntstherapycenter.com
Vincenza,Zepp,57,Kbor 1600 Am,395 S 6th St #2,El Cajon,San Diego,CA,92020,619-603-5125,vzepp@gmail.com,http://www.kboram.com
Venita,Maillard,34,Wallace Church Assoc Inc,72119 S Walker Ave #63,Anaheim,Orange,CA,92801,714-523-6653,venita_maillard@gmail.com,http://www.wallacechurchassocinc.com
Wynell,Dorshorst,47,"Haehnel, Craig W Esq",94290 S Buchanan St,Pacifica,San Mateo,CA,94044,650-473-1262,wynell_dorshorst@dorshorst.org,http://www.haehnelcraigwesq.com
Gayla,Schnitzler,44,Sigma Corp Of America,38 Pleasant Hill Rd,Hayward,Alameda,CA,94545,510-686-3407,,http://www.sigmacorpofamerica.com
Mitsue,Scipione,,Students In Free Entrprs Natl,77 222 Dr,Oroville,Butte,CA,95965,530-986-9272,mscipione@scipione.com,http://www.studentsinfreeentrprsnatl.com
Lizbeth,Kohl,52,E T Balancing Co Inc,35433 Blake St #588,Gardena,Los Angeles,CA,90248,310-699-1222,lizbeth@yahoo.com,http://www.etbalancingcoinc.com
Brett,Mccullan,70,Five Star Limousines Of Tx Inc,87895 Concord Rd,La Mesa,San Diego,CA,91942,619-461-9984,brett.mccullan@mccullan.com,http://www.fivestarlimousinesoftxinc.com
Staci,Schmaltz,23,Midwest Contracting & Mfg Inc,18 Coronado Ave #563,Pasadena,Los Angeles,CA,91106,626-866-2339,staci_schmaltz@aol.com,http://www.midwestcontractingmfginc.com
Merissa,Tomblin,32,One Day Surgery Center Inc,34 Raritan Center Pky,Bellflower,Los Angeles,CA,90706,562-579-6900,merissa.tomblin@gmail.com,http://www.onedaysurgerycenterinc.com
Trinidad,Mcrae,49,Water Office,10276 Brooks St,San Francisco,San Francisco,CA,94105,415-331-9634,trinidad_mcrae@yahoo.com,http://www.wateroffice.com
Mari,Lueckenbach,63,"Westbrooks, Nelson E Jr",1 Century Park E,San Diego,San Diego,CA,92110,858-793-9684,mari_lueckenbach@yahoo.com,http://www.westbrooksnelsonejr.com
Antione,Onofrio,27,Jacobs & Gerber Inc,4 S Washington Ave,San Bernardino,San Bernardino,CA,92410,909-430-7765,aonofrio@onofrio.com,http://www.jacobsgerberinc.com
Clorinda,Heimann,79,"Haughey, Charles Jr",105 Richmond Valley Rd,Escondido,San Diego,CA,92025,760-291-5497,clorinda.heimann@hotmail.com,http://www.haugheycharlesjr.com
Dick,Wenzinger,41,Wheaton Plastic Products,22 Spruce St #595,Gardena,Los Angeles,CA,90248,310-510-9713,dick@yahoo.com,http://www.wheatonplasticproducts.com
Daniel,Perruzza,74,Gersh & Danielson,11360 S Halsted St,Santa Ana,Orange,CA,92705,714-771-3880,,http://www.gershdanielson.com
Cristal,Samara,26,Intermed Inc,4119 Metropolitan Dr,Los Angeles,Los Angeles,CA,90021,213-975-8026,cristal@cox.net,http://www.intermedinc.com
Rasheeda,Sayaphon,69,"Kummerer, J Michael Esq",251 Park Ave #979,Saratoga,Santa Clara,CA,95070,408-805-4309,rasheeda@aol.com,http://www.kummererjmichaelesq.com
Refugia,Jacobos,66,North Central Fl Sfty Cncl,2184 Worth St,Hayward,Alameda,CA,94545,510-974-8671,refugia.jacobos@jacobos.com,http://www.northcentralflsftycncl.com
Dorothy,Chesterfield,65,Cowan & Kelly,469 Outwater Ln,San Diego,San Diego,CA,92126,858-617-7834,dorothy@cox.net,http://www.cowankelly.com
Gail,Similton,41,"Johnson, Wes Esq",62 Monroe St,Thousand Palms,Riverside,CA,92276,760-616-5388,gail_similton@similton.com,http://www.johnsonwesesq.com
Thaddeus,Ankeny,69,Atc Contracting,5 Washington St #1,Roseville,Placer,CA,95678,916-920-3571,tankeny@ankeny.org,http://www.atccontracting.com
Lai,Harabedian,80,Buergi & Madden Scale,1933 Packer Ave #2,Novato,Marin,CA,94945,415-423-3294,lai@gmail.com,http://www.buergimaddenscale.com
Lavera,Perin,36,Abc Enterprises Inc,678 3rd Ave,Miami,Miami-Dade,FL,33196,305-606-7291,lperin@perin.org,http://www.abcenterprisesinc.com
Arlette,Honeywell,45,Smc Inc,11279 Loytan St,Jacksonville,Duval,FL,32254,904-775-4480,ahoneywell@honeywell.com,http://www.smcinc.com
Tiffiny,Steffensmeier,37,Whitehall Robbins Labs Divsn,32860 Sierra Rd,Miami,Miami-Dade,FL,33133,305-385-9695,tiffiny_steffensmeier@cox.net,http://www.whitehallrobbinslabsdivsn.com
Pamella,Schmierer,34,K Cs Cstm Mouldings Windows,5161 Dorsett Rd,Homestead,Miami-Dade,FL,33030,305-420-8970,pamella.schmierer@schmierer.org,http://www.kcscstmmouldingswindows.com
Lucina,Lary,40,"Matricciani, Albert J Jr",8597 W National Ave,Cocoa,Brevard,FL,32922,321-749-4981,lucina_lary@cox.net,http://www.matriccianialbertjjr.com
Hillary,Skulski,77,Replica I,9 Wales Rd Ne #914,Homosassa,Citrus,FL,34448,352-242-2570,hillary.skulski@aol.com,http://www.replicai.com
Gracia,Melnyk,61,Juvenile & Adult Super,97 Airport Loop Dr,Jacksonville,Duval,FL,32216,904-235-3633,gracia@melnyk.com,http://www.juvenileadultsuper.com
Ashlyn,Pinilla,26,Art Crafters,703 Beville Rd,Opa Locka,Miami-Dade,FL,33054,305-670-9628,apinilla@cox.net,http://www.artcrafters.com
Marge,Limmel,61,"Bjork, Robert D Jr",189 Village Park Rd,Crestview,Okaloosa,FL,32536,850-430-1663,marge@gmail.com,http://www.bjorkrobertdjr.com
Avery,Steier,64,Dill Dill Carr & Stonbraker Pc,93 Redmond Rd #492,Orlando,Orange,FL,32803,407-808-9439,avery@cox.net,http://www.dilldillcarrstonbrakerpc.com
Ressie,Auffrey,,"Faw, James C Cpa",23 Palo Alto Sq,Miami,Miami-Dade,FL,33134,305-604-8981,ressie.auffrey@yahoo.com,http://www.fawjamesccpa.com
Lorrine,Worlds,63,"Longo, Nicholas J Esq",8 Fair Lawn Ave,Tampa,Hillsborough,FL,33614,813-769-2939,lorrine.worlds@worlds.com,http://www.longonicholasjesq.com
Martina,Staback,27,Ace Signs Inc,7 W Wabansia Ave #227,Orlando,Orange,FL,32822,407-471-6908,martina_staback@staback.com,http://www.acesignsinc.com
Jerry,Zurcher,65,J & F Lumber,77 Massillon Rd #822,Satellite Beach,Brevard,FL,32937,321-518-5938,jzurcher@zurcher.org,http://www.jflumber.com
Theodora,Restrepo,64,"Kleri, Patricia S Esq",42744 Hamann Industrial Pky #82,Miami,Miami-Dade,FL,33136,305-936-8226,theodora.restrepo@restrepo.com,http://www.kleripatriciasesq.com
Jenelle,Regusters,26,"Haavisto, Brian F Esq",3211 E Northeast Loop,Tampa,Hillsborough,FL,33619,813-932-8715,jregusters@regusters.com,http://www.haavistobrianfesq.com
Roosevelt,Hoffis,25,"Denbrook, Myron",60 Old Dover Rd,Hialeah,Miami-Dade,FL,33014,305-622-4739,roosevelt.hoffis@aol.com,http://www.denbrookmyron.com
Denise,Patak,56,Spence Law Offices,2139 Santa Rosa Ave,Orlando,Orange,FL,32801,407-446-4358,denise@patak.org,http://www.spencelawoffices.com
Audry,Yaw,29,Mike Uchrin Htg & Air Cond Inc,70295 Pioneer Ct,Brandon,Hillsborough,FL,33511,813-797-4816,audry.yaw@yaw.org,http://www.mikeuchrinhtgaircondinc.com
Rikki,Nayar,44,Targan & Kievit Pa,1644 Clove Rd,Miami,Miami-Dade,FL,33155,305-968-9487,rikki@nayar.com,http://www.targankievitpa.com
Hoa,Sarao,26,"Kaplan, Joel S Esq",27846 Lafayette Ave,Oak Hill,Volusia,FL,32759,386-526-7800,hoa@sarao.org,http://www.kaplanjoelsesq.com
Joanna,Leinenbach,72,Levinson Axelrod Wheaton,1 Washington St,Lake Worth,Palm Beach,FL,33461,561-470-4574,joanna_leinenbach@hotmail.com,http://www.levinsonaxelrodwheaton.com
Jeanice,Claucherty,30,Accurel Systems Intrntl Corp,19 Amboy Ave,Miami,Miami-Dade,FL,33142,305-988-4162,jeanice.claucherty@yahoo.com,http://www.accurelsystemsintrntlcorp.com
Sharika,Eanes,49,Maccani & Delp,75698 N Fiesta Blvd,Orlando,Orange,FL,32806,407-312-1691,sharika.eanes@aol.com,http://www.maccanidelp.com
Nickolas,Juvera,,United Oil Co Inc,177 S Rider Trl #52,Crystal River,Citrus,FL,34429,352-598-8301,nickolas_juvera@cox.net,http://www.unitedoilcoinc.com
Shawnda,Yori,42,Fiorucci Foods Usa Inc,50126 N Plankinton Ave,Longwood,Seminole,FL,32750,407-538-5106,shawnda.yori@yahoo.com,http://www.fioruccifoodsusainc.com
Jovita,Oles,80,"Pagano, Philip G Esq",8 S Haven St,Daytona Beach,Volusia,FL,32114,386-248-4118,joles@gmail.com,http://www.paganophilipgesq.com
Chauncey,Motley,57,Affiliated With Travelodge,63 E Aurora Dr,Orlando,Orange,FL,32804,407-413-4842,chauncey_motley@aol.com,http://www.affiliatedwithtravelodge.com
